<?xml version="1.0" encoding="UTF-8"?>
<beans xmlns="http://www.springframework.org/schema/beans"
       xmlns:xsi="http://www.w3.org/2001/XMLSchema-instance"
       xmlns:context="http://www.springframework.org/schema/context"
       xmlns:mvc="http://www.springframework.org/schema/mvc"
       xsi:schemaLocation="http://www.springframework.org/schema/beans
       http://www.springframework.org/schema/beans/spring-beans.xsd
       http://www.springframework.org/schema/mvc
       http://www.springframework.org/schema/mvc/spring-mvc.xsd
       http://www.springframework.org/schema/context
       http://www.springframework.org/schema/context/spring-context.xsd">

    <context:component-scan base-package="com.zhangjikai"/>


    <!-- 处理静态资源 -->
    <mvc:default-servlet-handler/>
    <mvc:annotation-driven/>

    <bean id="viewResolver"
          class="org.springframework.web.servlet.view.UrlBasedViewResolver">
        <property name="viewClass"
                  value="org.springframework.web.servlet.view.JstlView"/>
        <property name="prefix" value="/WEB-INF/jsp/"/>
        <property name="suffix" value=".jsp"/>
    </bean>


    <bean class="org.springframework.web.servlet.mvc.method.annotation.RequestMappingHandlerAdapter">
        <property name="messageConverters">
            <list>
                <bean class="org.springframework.http.converter.json.MappingJackson2HttpMessageConverter">
                    <property name="supportedMediaTypes">
                        <list>
                            <value>text/plain;charset=UTF-8</value>
                        </list>
                    </property>
                </bean>
                <bean class="org.springframework.http.converter.ByteArrayHttpMessageConverter"/>
                <bean class="org.springframework.http.converter.xml.SourceHttpMessageConverter"/>
                <bean class="org.springframework.http.converter.FormHttpMessageConverter"/>
                <bean class="org.springframework.http.converter.StringHttpMessageConverter">
                    <property name="supportedMediaTypes">
                        <list>
                            <value>text/plain;charset=UTF-8</value>
                        </list>
                    </property>
                </bean>
            </list>
        </property>

    </bean>
</beans>

